state,mode,speed,direct,temperature,redcode
close,cool,auto,auto,27,"[38, 0, 72, 0, 0, 1, 39, 142, 21, 15, 20, 15, 20, 15, 20, 50, 21, 14, 20, 15, 20, 51, 20, 15, 20, 14, 20, 15, 20, 15, 20, 51, 20, 15, 20, 14, 20, 15, 20, 50, 21, 50, 21, 15, 20, 15, 20, 14, 20, 15, 20, 51, 20, 15, 20, 15, 20, 51, 20, 51, 20, 15, 20, 50, 21, 15, 20, 15, 20, 51, 20, 15, 20, 0, 12, 202]"
open,cool,low,auto,16,"[38, 0, 72, 0, 0, 1, 39, 143, 20, 14, 20, 15, 20, 15, 20, 50, 21, 15, 21, 14, 20, 50, 21, 14, 21, 14, 20, 50, 21, 15, 20, 14, 20, 51, 20, 14, 21, 14, 21, 14, 20, 15, 21, 14, 20, 14, 21, 49, 22, 50, 20, 51, 21, 14, 21, 49, 21, 50, 21, 14, 20, 51, 20, 51, 20, 50, 21, 51, 20, 15, 20, 15, 20, 0, 12, 202]"
open,cool,low,auto,17,"[38, 0, 72, 0, 0, 1, 39, 143, 21, 14, 20, 14, 20, 14, 20, 51, 20, 15, 20, 15, 20, 51, 20, 14, 21, 14, 20, 51, 20, 15, 20, 15, 21, 50, 20, 14, 20, 14, 20, 15, 21, 14, 20, 14, 21, 14, 21, 50, 20, 50, 22, 50, 21, 14, 20, 50, 21, 14, 20, 50, 21, 50, 21, 50, 21, 50, 21, 50, 22, 14, 20, 14, 20, 0, 12, 204]"
open,cool,low,auto,18,"[38, 0, 72, 0, 0, 1, 39, 143, 20, 14, 20, 14, 20, 14, 20, 50, 20, 14, 20, 15, 20, 51, 20, 14, 20, 15, 20, 50, 21, 15, 20, 14, 20, 50, 21, 14, 20, 15, 20, 14, 20, 15, 20, 14, 20, 15, 20, 51, 20, 50, 21, 51, 20, 15, 20, 51, 20, 15, 20, 14, 20, 14, 20, 14, 20, 15, 20, 14, 20, 50, 21, 15, 20, 0, 12, 202]"
open,cool,low,auto,19,"[38, 0, 72, 0, 0, 1, 39, 143, 20, 15, 20, 15, 20, 15, 20, 50, 21, 15, 20, 15, 21, 49, 21, 14, 20, 15, 20, 51, 20, 14, 20, 14, 20, 51, 20, 15, 20, 15, 20, 15, 20, 14, 21, 14, 20, 15, 20, 50, 21, 51, 21, 50, 20, 15, 20, 51, 20, 15, 20, 50, 21, 15, 20, 14, 21, 14, 20, 15, 20, 51, 20, 15, 21, 0, 12, 202]"
open,cool,low,auto,20,"[38, 0, 72, 0, 0, 1, 39, 142, 21, 14, 20, 14, 20, 14, 21, 49, 21, 14, 20, 15, 20, 50, 21, 15, 20, 14, 20, 50, 21, 14, 20, 15, 20, 51, 20, 15, 20, 15, 20, 14, 20, 15, 20, 15, 20, 15, 21, 50, 20, 50, 21, 51, 20, 15, 20, 51, 20, 15, 20, 15, 20, 50, 21, 15, 20, 15, 20, 15, 20, 50, 21, 15, 20, 0, 12, 202]"
open,cool,low,auto,21,"[38, 0, 72, 0, 0, 1, 39, 142, 20, 14, 20, 15, 20, 15, 20, 51, 20, 15, 20, 15, 20, 51, 20, 15, 20, 14, 20, 51, 20, 15, 20, 14, 20, 50, 21, 15, 20, 15, 20, 15, 20, 14, 20, 15, 20, 15, 20, 51, 20, 50, 21, 51, 20, 15, 20, 51, 20, 50, 21, 14, 20, 50, 21, 14, 20, 15, 20, 15, 20, 50, 21, 15, 20, 0, 12, 204]"
open,cool,low,auto,22,"[38, 0, 72, 0, 0, 1, 39, 142, 21, 15, 20, 14, 21, 14, 20, 50, 20, 14, 20, 14, 20, 50, 21, 14, 20, 15, 19, 51, 20, 15, 20, 14, 20, 51, 20, 14, 20, 14, 20, 14, 20, 15, 20, 14, 20, 14, 20, 50, 20, 51, 20, 50, 21, 15, 20, 51, 20, 51, 20, 50, 21, 50, 20, 15, 20, 15, 20, 15, 20, 50, 21, 14, 20, 0, 12, 204]"
open,cool,low,auto,23,"[38, 0, 72, 0, 0, 1, 38, 143, 20, 14, 20, 15, 20, 15, 20, 50, 21, 14, 20, 15, 20, 50, 21, 15, 20, 14, 20, 50, 21, 15, 20, 14, 20, 50, 21, 15, 20, 15, 20, 14, 20, 15, 20, 14, 19, 15, 20, 51, 20, 50, 21, 51, 20, 15, 20, 50, 21, 50, 21, 15, 20, 15, 20, 51, 20, 14, 20, 15, 20, 51, 20, 14, 20, 0, 12, 202]"
open,cool,low,auto,24,"[38, 0, 72, 0, 0, 1, 38, 143, 20, 15, 20, 15, 20, 14, 20, 51, 20, 15, 20, 14, 20, 50, 20, 14, 21, 14, 20, 50, 20, 15, 20, 14, 20, 51, 20, 15, 20, 15, 20, 14, 20, 15, 20, 14, 20, 15, 20, 51, 20, 50, 20, 51, 20, 15, 20, 50, 21, 50, 21, 51, 20, 15, 20, 51, 20, 15, 20, 14, 20, 50, 21, 15, 20, 0, 12, 202]"
open,cool,low,auto,25,"[38, 0, 72, 0, 0, 1, 39, 141, 21, 14, 20, 14, 20, 15, 20, 50, 22, 14, 20, 14, 20, 51, 20, 15, 21, 14, 21, 50, 20, 14, 21, 14, 20, 51, 20, 15, 20, 14, 21, 14, 20, 15, 20, 15, 20, 14, 21, 50, 20, 50, 20, 50, 21, 14, 21, 50, 21, 49, 21, 14, 21, 49, 21, 50, 20, 15, 21, 14, 20, 50, 20, 14, 20, 0, 12, 202]"
open,cool,low,auto,26,"[38, 0, 72, 0, 0, 1, 39, 141, 21, 15, 20, 14, 20, 14, 20, 51, 20, 15, 20, 15, 20, 50, 21, 15, 20, 15, 20, 51, 20, 15, 20, 14, 20, 50, 21, 14, 20, 15, 20, 15, 20, 14, 20, 14, 20, 15, 20, 50, 21, 50, 21, 51, 20, 14, 20, 50, 21, 15, 20, 51, 20, 51, 20, 50, 21, 15, 20, 14, 20, 51, 20, 14, 20, 0, 12, 203]"
open,cool,low,auto,27,"[38, 0, 72, 0, 0, 1, 39, 143, 21, 14, 20, 14, 21, 14, 20, 50, 21, 15, 20, 15, 20, 50, 21, 15, 20, 14, 20, 51, 21, 14, 20, 14, 20, 50, 21, 15, 21, 14, 20, 15, 20, 14, 20, 14, 20, 15, 20, 51, 20, 50, 21, 49, 21, 14, 20, 51, 21, 14, 20, 15, 20, 14, 20, 14, 21, 50, 20, 15, 20, 50, 21, 15, 20, 0, 12, 202]"
open,cool,low,auto,28,"[38, 0, 72, 0, 0, 1, 39, 141, 21, 14, 20, 14, 20, 15, 20, 50, 21, 15, 20, 14, 20, 50, 21, 14, 20, 14, 20, 50, 21, 15, 20, 15, 20, 50, 22, 14, 20, 14, 20, 15, 20, 15, 20, 14, 20, 14, 20, 50, 21, 51, 20, 50, 20, 14, 20, 51, 20, 15, 20, 51, 20, 15, 20, 14, 20, 51, 20, 14, 20, 51, 20, 15, 20, 0, 12, 204]"
open,cool,low,auto,29,"[38, 0, 72, 0, 0, 1, 38, 143, 20, 15, 20, 15, 20, 14, 20, 51, 20, 15, 20, 15, 20, 50, 21, 14, 20, 14, 20, 51, 20, 15, 20, 15, 20, 50, 21, 14, 20, 14, 20, 14, 20, 15, 20, 14, 20, 14, 20, 51, 20, 51, 20, 51, 20, 14, 20, 51, 20, 15, 20, 14, 20, 51, 20, 15, 20, 51, 20, 14, 20, 50, 20, 15, 20, 0, 12, 202]"
open,cool,low,auto,30,"[38, 0, 72, 0, 0, 1, 38, 142, 21, 15, 20, 15, 20, 14, 19, 52, 20, 14, 20, 14, 20, 51, 20, 15, 20, 15, 20, 50, 21, 14, 20, 15, 20, 51, 20, 15, 20, 15, 20, 15, 20, 14, 20, 14, 20, 15, 20, 51, 20, 51, 20, 50, 21, 15, 20, 50, 21, 15, 20, 50, 21, 50, 21, 15, 20, 51, 20, 15, 20, 50, 21, 14, 20, 0, 12, 202]"
open,cool,low,auto,31,"[38, 0, 72, 0, 0, 1, 38, 142, 21, 15, 20, 14, 20, 15, 20, 51, 20, 14, 20, 14, 21, 49, 21, 14, 20, 15, 20, 50, 20, 14, 20, 14, 20, 50, 21, 14, 20, 15, 20, 14, 20, 14, 20, 15, 20, 14, 20, 50, 21, 51, 20, 50, 21, 14, 20, 50, 21, 50, 21, 50, 21, 50, 21, 14, 20, 50, 21, 15, 20, 51, 20, 15, 20, 0, 12, 203]"
open,cool,low,auto,32,"[38, 0, 72, 0, 0, 1, 39, 141, 21, 14, 20, 14, 20, 14, 20, 50, 21, 14, 20, 15, 20, 51, 20, 14, 20, 15, 20, 50, 21, 14, 20, 15, 21, 50, 20, 14, 20, 15, 20, 14, 20, 14, 20, 14, 20, 15, 20, 50, 21, 50, 21, 50, 21, 14, 20, 50, 21, 50, 20, 14, 20, 15, 20, 50, 21, 50, 21, 14, 20, 50, 21, 15, 20, 0, 12, 202]"
open,cool,middle,auto,16,"[38, 0, 72, 0, 0, 1, 39, 141, 21, 14, 20, 15, 20, 15, 20, 50, 21, 14, 20, 15, 20, 50, 21, 14, 20, 15, 20, 15, 21, 49, 21, 14, 20, 51, 20, 14, 20, 15, 20, 14, 20, 15, 20, 14, 20, 15, 20, 50, 21, 51, 20, 51, 20, 14, 20, 51, 20, 50, 21, 14, 20, 51, 20, 50, 20, 50, 21, 51, 20, 15, 20, 14, 20, 0, 12, 204]"
open,cool,middle,auto,17,"[38, 0, 72, 0, 0, 1, 39, 141, 21, 15, 20, 14, 20, 15, 20, 51, 20, 15, 20, 14, 20, 51, 20, 15, 20, 14, 20, 14, 20, 51, 20, 14, 20, 51, 20, 15, 20, 14, 20, 14, 20, 14, 20, 15, 20, 14, 20, 50, 21, 50, 21, 50, 21, 15, 20, 51, 20, 14, 20, 50, 21, 51, 20, 51, 20, 51, 20, 50, 21, 14, 20, 15, 20, 0, 12, 203]"
open,cool,middle,auto,18,"[38, 0, 72, 0, 0, 1, 39, 141, 21, 15, 20, 15, 20, 15, 20, 50, 21, 15, 20, 15, 20, 50, 20, 15, 20, 14, 20, 15, 20, 51, 20, 15, 20, 51, 20, 15, 20, 14, 20, 14, 20, 14, 21, 14, 20, 14, 20, 51, 20, 51, 21, 50, 20, 15, 20, 51, 21, 14, 20, 15, 20, 15, 20, 15, 21, 14, 20, 15, 20, 50, 21, 15, 21, 0, 12, 202]"
open,cool,middle,auto,19,"[38, 0, 72, 0, 0, 1, 38, 142, 21, 15, 20, 14, 20, 15, 20, 50, 21, 14, 20, 15, 20, 50, 21, 15, 20, 15, 20, 15, 20, 50, 21, 14, 20, 50, 21, 15, 20, 15, 20, 15, 20, 14, 20, 14, 20, 14, 20, 51, 20, 50, 21, 51, 21, 14, 20, 51, 20, 14, 21, 49, 21, 15, 20, 15, 20, 15, 21, 14, 20, 51, 20, 14, 20, 0, 12, 204]"
open,cool,middle,auto,20,"[38, 0, 72, 0, 0, 1, 38, 142, 21, 14, 20, 15, 20, 15, 20, 50, 21, 15, 20, 14, 20, 51, 20, 14, 20, 15, 20, 14, 20, 50, 21, 15, 20, 51, 20, 14, 20, 15, 20, 15, 20, 14, 20, 14, 20, 14, 20, 51, 20, 50, 20, 50, 21, 15, 20, 51, 20, 14, 20, 14, 20, 50, 21, 14, 20, 15, 20, 14, 20, 50, 21, 14, 20, 0, 12, 203]"
open,cool,middle,auto,21,"[38, 0, 72, 0, 0, 1, 39, 142, 20, 15, 20, 14, 20, 15, 20, 50, 21, 14, 20, 15, 21, 50, 20, 14, 20, 15, 20, 14, 20, 50, 21, 15, 20, 51, 20, 14, 20, 15, 20, 15, 20, 14, 20, 14, 21, 14, 20, 50, 20, 50, 20, 51, 20, 14, 20, 51, 20, 51, 20, 15, 20, 51, 20, 14, 20, 15, 20, 14, 20, 50, 20, 14, 20, 0, 12, 202]"
open,cool,middle,auto,22,"[38, 0, 72, 0, 0, 1, 39, 142, 21, 14, 20, 14, 20, 14, 20, 51, 20, 14, 20, 15, 20, 50, 21, 14, 20, 15, 20, 14, 20, 51, 20, 14, 20, 51, 20, 14, 20, 15, 20, 14, 20, 15, 20, 14, 20, 15, 20, 50, 21, 51, 20, 51, 20, 15, 20, 51, 20, 51, 20, 50, 20, 50, 21, 14, 20, 15, 20, 15, 20, 51, 20, 14, 20, 0, 12, 202]"
open,cool,middle,auto,23,"[38, 0, 72, 0, 0, 1, 39, 142, 20, 14, 20, 14, 20, 15, 20, 51, 20, 15, 20, 15, 20, 50, 21, 14, 20, 14, 21, 14, 20, 51, 20, 15, 20, 50, 21, 15, 20, 15, 21, 14, 20, 15, 20, 15, 20, 14, 21, 50, 20, 51, 20, 50, 21, 15, 20, 51, 20, 50, 21, 14, 20, 14, 20, 50, 21, 14, 21, 14, 20, 50, 21, 15, 20, 0, 12, 203]"
open,cool,middle,auto,24,"[38, 0, 72, 0, 0, 1, 39, 143, 20, 15, 20, 15, 21, 14, 20, 51, 20, 14, 20, 15, 21, 50, 20, 15, 20, 15, 20, 15, 20, 50, 21, 15, 20, 51, 21, 14, 20, 14, 21, 14, 20, 15, 20, 14, 20, 14, 21, 50, 20, 51, 20, 51, 20, 14, 21, 50, 20, 50, 21, 50, 21, 15, 21, 49, 21, 14, 20, 15, 20, 50, 21, 15, 20, 0, 12, 202]"
open,cool,middle,auto,25,"[38, 0, 72, 0, 0, 1, 39, 142, 20, 14, 20, 15, 20, 15, 20, 51, 20, 14, 20, 14, 20, 50, 22, 14, 20, 15, 20, 15, 20, 50, 21, 15, 20, 51, 20, 14, 20, 14, 20, 15, 20, 15, 20, 14, 20, 14, 20, 51, 20, 50, 21, 51, 20, 14, 21, 50, 21, 49, 21, 14, 21, 50, 20, 51, 20, 14, 21, 14, 20, 50, 21, 15, 20, 0, 12, 204]"
open,cool,middle,auto,26,"[38, 0, 72, 0, 0, 1, 38, 142, 21, 14, 20, 15, 20, 15, 20, 50, 21, 15, 20, 14, 20, 50, 21, 14, 21, 14, 20, 15, 20, 51, 20, 14, 20, 50, 21, 14, 20, 14, 20, 15, 20, 14, 20, 15, 20, 15, 20, 50, 21, 50, 21, 51, 20, 14, 20, 50, 21, 14, 20, 50, 21, 50, 21, 50, 21, 15, 20, 14, 20, 51, 20, 14, 20, 0, 12, 202]"
open,cool,middle,auto,27,"[38, 0, 72, 0, 0, 1, 39, 142, 20, 14, 20, 15, 20, 14, 20, 51, 20, 15, 20, 14, 21, 50, 20, 15, 20, 14, 20, 14, 20, 50, 21, 15, 20, 50, 21, 15, 20, 15, 20, 15, 20, 14, 19, 15, 20, 14, 20, 50, 21, 50, 20, 50, 21, 14, 20, 50, 21, 15, 20, 14, 20, 15, 20, 14, 20, 50, 21, 15, 20, 51, 20, 14, 20, 0, 12, 204]"
open,cool,middle,auto,28,"[38, 0, 72, 0, 0, 1, 39, 141, 21, 15, 20, 14, 20, 15, 20, 50, 21, 15, 20, 14, 20, 51, 20, 15, 20, 15, 20, 15, 20, 51, 20, 14, 20, 51, 20, 15, 20, 15, 20, 15, 20, 15, 20, 15, 20, 15, 20, 51, 20, 50, 20, 51, 20, 15, 20, 51, 20, 15, 21, 50, 21, 14, 20, 14, 20, 50, 21, 15, 20, 51, 20, 15, 21, 0, 12, 205]"
open,cool,middle,auto,29,"[38, 0, 72, 0, 0, 1, 39, 142, 20, 14, 20, 15, 20, 14, 20, 50, 21, 14, 20, 14, 20, 51, 20, 14, 20, 15, 20, 14, 20, 50, 21, 14, 20, 50, 21, 14, 20, 14, 20, 15, 20, 14, 20, 14, 20, 14, 20, 51, 20, 51, 20, 50, 21, 14, 20, 51, 20, 14, 20, 15, 20, 51, 20, 15, 20, 50, 21, 14, 20, 50, 21, 15, 20, 0, 12, 203]"
open,cool,middle,auto,30,"[38, 0, 72, 0, 0, 1, 39, 143, 20, 15, 20, 14, 20, 15, 20, 51, 20, 14, 20, 15, 20, 51, 20, 15, 20, 14, 20, 15, 20, 50, 20, 15, 20, 51, 20, 14, 20, 15, 20, 15, 20, 15, 20, 15, 20, 14, 20, 50, 20, 51, 21, 50, 21, 14, 20, 50, 20, 15, 20, 50, 21, 50, 20, 15, 20, 50, 21, 14, 20, 51, 20, 14, 20, 0, 12, 204]"
open,cool,middle,auto,31,"[38, 0, 72, 0, 0, 1, 38, 142, 21, 14, 20, 15, 20, 15, 20, 51, 20, 15, 20, 14, 20, 50, 21, 15, 20, 15, 20, 15, 20, 50, 21, 14, 20, 51, 20, 14, 20, 15, 20, 15, 20, 15, 20, 14, 20, 15, 20, 50, 21, 50, 21, 51, 20, 15, 21, 50, 20, 50, 21, 49, 21, 51, 20, 14, 21, 49, 21, 15, 20, 51, 20, 15, 21, 0, 12, 205]"
open,cool,middle,auto,32,"[38, 0, 72, 0, 0, 1, 39, 142, 20, 14, 20, 14, 20, 15, 20, 50, 21, 15, 20, 15, 20, 51, 20, 15, 20, 14, 20, 14, 20, 50, 21, 14, 20, 50, 20, 15, 20, 14, 20, 15, 20, 14, 20, 15, 20, 15, 20, 50, 21, 50, 20, 50, 21, 14, 20, 50, 21, 50, 21, 14, 20, 15, 20, 50, 21, 50, 21, 14, 20, 50, 21, 15, 20, 0, 12, 202]"
open,cool,high,auto,16,"[38, 0, 72, 0, 0, 1, 39, 142, 20, 15, 20, 14, 20, 15, 20, 51, 20, 14, 20, 15, 20, 50, 21, 15, 20, 15, 20, 14, 20, 15, 20, 51, 20, 51, 20, 15, 20, 14, 20, 15, 20, 14, 20, 14, 20, 15, 21, 49, 21, 51, 20, 51, 20, 15, 20, 50, 21, 51, 20, 14, 20, 51, 20, 51, 20, 50, 21, 50, 21, 14, 20, 15, 21, 0, 12, 205]"
open,cool,high,auto,17,"[38, 0, 72, 0, 0, 1, 39, 143, 20, 15, 20, 15, 20, 15, 20, 50, 21, 15, 20, 15, 21, 49, 22, 14, 20, 15, 21, 14, 20, 14, 20, 51, 20, 50, 21, 14, 20, 15, 21, 14, 20, 14, 21, 14, 20, 14, 20, 50, 20, 50, 22, 49, 22, 14, 20, 51, 20, 15, 20, 51, 20, 51, 20, 50, 21, 51, 20, 50, 21, 14, 21, 14, 20, 0, 12, 203]"
open,cool,high,auto,18,"[38, 0, 72, 0, 0, 1, 38, 142, 21, 14, 20, 14, 20, 14, 20, 51, 20, 15, 20, 14, 20, 50, 21, 15, 20, 14, 20, 14, 20, 14, 20, 50, 21, 50, 20, 15, 20, 14, 20, 15, 20, 14, 20, 14, 20, 15, 20, 50, 21, 50, 21, 50, 20, 14, 20, 50, 21, 15, 20, 15, 20, 15, 20, 14, 20, 15, 20, 14, 20, 51, 20, 15, 20, 0, 12, 204]"
open,cool,high,auto,19,"[38, 0, 72, 0, 0, 1, 39, 142, 21, 15, 20, 14, 20, 15, 20, 51, 20, 14, 20, 14, 20, 50, 20, 15, 20, 14, 20, 15, 20, 14, 20, 50, 21, 51, 20, 14, 20, 14, 20, 15, 20, 14, 20, 14, 20, 14, 20, 50, 20, 50, 20, 51, 20, 15, 20, 50, 21, 14, 20, 50, 21, 14, 20, 15, 20, 14, 20, 14, 20, 51, 20, 15, 20, 0, 12, 204]"
open,cool,high,auto,20,"[38, 0, 72, 0, 0, 1, 39, 143, 20, 15, 20, 15, 20, 15, 20, 50, 21, 15, 20, 14, 20, 51, 21, 14, 20, 15, 20, 15, 20, 15, 21, 50, 20, 50, 21, 15, 21, 14, 20, 15, 20, 15, 20, 15, 20, 15, 20, 50, 21, 50, 21, 49, 21, 14, 20, 50, 21, 14, 20, 14, 21, 49, 21, 15, 20, 15, 20, 14, 21, 49, 22, 14, 20, 0, 12, 204]"
open,cool,high,auto,21,"[38, 0, 72, 0, 0, 1, 39, 142, 20, 14, 20, 15, 20, 15, 20, 51, 20, 14, 20, 14, 20, 50, 21, 15, 20, 15, 20, 14, 20, 14, 20, 50, 21, 51, 20, 14, 20, 15, 20, 14, 20, 15, 20, 14, 20, 15, 20, 50, 21, 50, 21, 51, 20, 15, 20, 51, 20, 50, 21, 14, 20, 50, 21, 14, 20, 15, 20, 14, 20, 50, 21, 14, 20, 0, 12, 203]"
open,cool,high,auto,22,"[38, 0, 72, 0, 0, 1, 39, 141, 21, 14, 21, 14, 20, 15, 20, 50, 21, 14, 20, 14, 20, 50, 21, 14, 20, 14, 20, 14, 20, 15, 21, 50, 20, 50, 21, 15, 20, 14, 21, 14, 20, 15, 20, 15, 20, 14, 21, 49, 21, 50, 21, 50, 21, 14, 20, 51, 20, 50, 21, 51, 20, 50, 20, 14, 21, 14, 20, 14, 20, 50, 21, 14, 20, 0, 12, 202]"
open,cool,high,auto,23,"[38, 0, 72, 0, 0, 1, 39, 142, 20, 14, 20, 15, 20, 14, 20, 50, 21, 14, 20, 14, 20, 50, 21, 14, 20, 15, 20, 15, 20, 14, 20, 50, 21, 50, 20, 14, 20, 15, 20, 14, 20, 14, 20, 14, 20, 15, 20, 50, 21, 51, 20, 51, 20, 14, 20, 50, 21, 51, 20, 15, 20, 14, 20, 50, 21, 15, 20, 14, 20, 50, 20, 15, 20, 0, 12, 202]"
open,cool,high,auto,24,"[38, 0, 72, 0, 0, 1, 39, 142, 20, 15, 20, 14, 20, 14, 20, 50, 21, 14, 20, 15, 20, 50, 21, 14, 20, 14, 20, 15, 19, 15, 20, 50, 20, 50, 21, 15, 20, 14, 20, 14, 20, 15, 20, 14, 20, 14, 20, 50, 21, 51, 20, 51, 20, 14, 20, 50, 21, 51, 20, 50, 21, 15, 20, 50, 21, 14, 20, 14, 20, 51, 20, 14, 20, 0, 12, 204]"
open,cool,high,auto,25,"[38, 0, 72, 0, 0, 1, 38, 142, 21, 15, 20, 14, 20, 15, 20, 50, 21, 14, 20, 15, 20, 51, 20, 15, 20, 15, 20, 14, 20, 15, 20, 51, 20, 51, 20, 15, 20, 14, 20, 15, 20, 15, 20, 15, 20, 14, 20, 50, 21, 50, 20, 51, 20, 14, 20, 50, 21, 50, 21, 15, 20, 50, 21, 50, 22, 14, 20, 14, 20, 51, 20, 15, 20, 0, 12, 202]"
open,cool,high,auto,26,"[38, 0, 72, 0, 0, 1, 39, 142, 20, 14, 20, 14, 20, 15, 20, 50, 20, 14, 20, 15, 20, 50, 21, 14, 20, 15, 20, 14, 20, 15, 20, 50, 21, 50, 20, 15, 20, 15, 20, 14, 20, 15, 20, 15, 20, 14, 20, 50, 21, 50, 21, 50, 21, 14, 20, 51, 20, 14, 20, 50, 20, 50, 21, 51, 20, 14, 20, 15, 20, 50, 21, 14, 20, 0, 12, 202]"
open,cool,high,auto,27,"[38, 0, 72, 0, 0, 1, 39, 142, 20, 14, 20, 14, 20, 15, 20, 50, 21, 14, 20, 15, 20, 51, 20, 14, 21, 14, 20, 14, 20, 14, 20, 51, 20, 50, 20, 14, 20, 14, 20, 15, 20, 14, 20, 15, 20, 15, 20, 51, 20, 50, 20, 50, 20, 14, 20, 50, 21, 14, 20, 14, 20, 15, 20, 14, 20, 51, 20, 15, 20, 51, 20, 14, 20, 0, 12, 204]"
open,cool,high,auto,28,"[38, 0, 72, 0, 0, 1, 39, 142, 20, 15, 20, 15, 20, 15, 20, 50, 21, 15, 20, 14, 20, 50, 21, 14, 20, 15, 20, 14, 20, 15, 20, 50, 21, 50, 21, 15, 20, 15, 20, 15, 20, 15, 20, 15, 20, 15, 20, 51, 21, 50, 20, 51, 20, 14, 20, 51, 20, 15, 20, 51, 20, 15, 20, 15, 20, 51, 20, 14, 20, 51, 21, 14, 20, 0, 12, 204]"
open,cool,high,auto,29,"[38, 0, 72, 0, 0, 1, 39, 142, 20, 15, 20, 14, 20, 15, 20, 50, 20, 14, 20, 15, 20, 51, 20, 15, 20, 14, 21, 14, 20, 15, 20, 51, 21, 49, 21, 14, 20, 15, 20, 15, 20, 15, 20, 14, 20, 15, 20, 50, 21, 50, 21, 50, 21, 14, 20, 50, 21, 14, 20, 15, 20, 50, 21, 15, 20, 51, 20, 14, 20, 50, 21, 14, 21, 0, 12, 202]"
open,cool,high,auto,30,"[38, 0, 76, 0, 0, 1, 39, 142, 21, 14, 20, 14, 20, 15, 20, 50, 21, 15, 20, 14, 20, 50, 21, 14, 20, 15, 20, 15, 21, 14, 20, 51, 20, 51, 20, 15, 21, 14, 20, 15, 20, 15, 20, 14, 20, 15, 20, 51, 20, 50, 20, 51, 20, 15, 20, 50, 21, 14, 20, 50, 21, 50, 21, 15, 20, 50, 21, 15, 20, 51, 21, 14, 20, 0, 11, 157, 4, 0, 12, 203]"
open,cool,high,auto,31,"[38, 0, 72, 0, 0, 1, 38, 142, 21, 15, 20, 15, 20, 14, 20, 50, 20, 15, 20, 15, 20, 51, 20, 15, 20, 15, 20, 15, 20, 15, 20, 50, 21, 50, 21, 15, 20, 14, 20, 15, 20, 14, 20, 14, 20, 15, 20, 50, 21, 50, 21, 50, 21, 15, 21, 49, 21, 50, 21, 51, 20, 50, 21, 15, 20, 51, 20, 15, 20, 50, 21, 15, 20, 0, 12, 202]"
open,cool,high,auto,32,"[38, 0, 72, 0, 0, 1, 39, 142, 20, 14, 20, 15, 20, 15, 20, 51, 20, 14, 20, 15, 20, 51, 20, 14, 20, 15, 20, 15, 20, 14, 20, 50, 21, 50, 21, 15, 20, 14, 20, 15, 20, 15, 20, 15, 20, 15, 20, 50, 21, 50, 21, 50, 20, 15, 20, 51, 20, 50, 20, 15, 20, 14, 20, 51, 20, 50, 20, 15, 20, 50, 21, 14, 20, 0, 12, 202]"
open,heat,low,auto,16,"[38, 0, 72, 0, 0, 1, 39, 143, 20, 14, 21, 14, 20, 15, 20, 50, 21, 14, 20, 15, 20, 50, 21, 14, 20, 15, 20, 50, 21, 15, 20, 15, 20, 14, 20, 50, 21, 14, 20, 15, 20, 15, 20, 14, 20, 14, 20, 50, 21, 50, 21, 50, 21, 14, 20, 50, 21, 51, 21, 14, 20, 51, 20, 51, 20, 50, 21, 50, 21, 15, 21, 14, 20, 0, 12, 204]"
open,heat,low,auto,17,"[38, 0, 72, 0, 0, 1, 39, 142, 21, 15, 20, 15, 20, 14, 20, 51, 20, 14, 20, 15, 21, 49, 21, 15, 20, 15, 20, 51, 20, 14, 20, 15, 20, 15, 20, 50, 21, 14, 20, 14, 20, 15, 20, 15, 20, 14, 20, 50, 21, 51, 21, 49, 21, 14, 20, 51, 20, 14, 20, 50, 20, 51, 20, 51, 20, 51, 21, 49, 21, 14, 20, 15, 20, 0, 12, 203]"
open,heat,low,auto,18,"[38, 0, 72, 0, 0, 1, 38, 142, 21, 15, 20, 15, 20, 14, 20, 51, 20, 14, 20, 15, 20, 51, 20, 15, 20, 15, 20, 51, 20, 14, 20, 14, 20, 15, 20, 51, 20, 15, 20, 15, 20, 15, 20, 15, 21, 14, 20, 50, 21, 51, 20, 51, 20, 15, 20, 50, 21, 15, 20, 14, 20, 15, 20, 15, 20, 15, 20, 14, 20, 50, 21, 15, 20, 0, 12, 204]"
open,heat,low,auto,19,"[38, 0, 72, 0, 0, 1, 38, 143, 20, 14, 20, 15, 20, 15, 20, 51, 20, 14, 20, 14, 20, 50, 21, 15, 21, 14, 20, 51, 21, 14, 20, 14, 20, 15, 20, 50, 21, 14, 19, 15, 20, 14, 20, 14, 20, 14, 20, 51, 20, 50, 21, 51, 20, 14, 20, 50, 21, 15, 20, 50, 21, 15, 20, 15, 20, 15, 20, 14, 20, 50, 21, 15, 20, 0, 12, 202]"
open,heat,low,auto,20,"[38, 0, 72, 0, 0, 1, 39, 143, 20, 14, 21, 14, 20, 15, 21, 49, 21, 15, 20, 14, 21, 50, 20, 15, 20, 15, 20, 51, 20, 15, 20, 14, 20, 15, 20, 51, 21, 14, 20, 14, 20, 15, 20, 15, 20, 15, 20, 50, 20, 51, 20, 51, 20, 15, 20, 51, 21, 14, 20, 14, 20, 51, 20, 15, 21, 14, 20, 14, 20, 50, 20, 14, 21, 0, 12, 204]"
open,heat,low,auto,21,"[38, 0, 72, 0, 0, 1, 39, 142, 20, 14, 20, 15, 20, 15, 20, 51, 20, 14, 20, 15, 20, 50, 21, 15, 20, 14, 20, 50, 21, 14, 20, 14, 20, 14, 20, 51, 20, 14, 20, 15, 20, 14, 20, 15, 20, 14, 20, 51, 21, 49, 21, 51, 20, 14, 20, 50, 21, 50, 20, 15, 20, 50, 21, 14, 20, 15, 20, 14, 20, 50, 21, 14, 20, 0, 12, 202]"
open,heat,low,auto,22,"[38, 0, 72, 0, 0, 1, 39, 142, 22, 14, 20, 14, 21, 14, 20, 51, 20, 15, 20, 15, 20, 51, 20, 14, 20, 15, 21, 49, 22, 14, 20, 14, 20, 15, 20, 50, 21, 15, 20, 15, 21, 14, 20, 15, 21, 14, 21, 49, 21, 51, 21, 49, 21, 14, 20, 51, 21, 49, 22, 50, 20, 51, 21, 14, 20, 14, 20, 15, 20, 50, 21, 14, 20, 0, 12, 204]"
open,heat,low,auto,23,"[38, 0, 72, 0, 0, 1, 39, 142, 20, 14, 20, 15, 20, 15, 21, 49, 21, 14, 20, 14, 20, 50, 21, 14, 20, 15, 20, 50, 21, 14, 20, 14, 20, 15, 21, 49, 21, 14, 20, 14, 21, 14, 20, 15, 21, 14, 21, 49, 21, 50, 21, 50, 21, 14, 20, 50, 21, 50, 21, 14, 20, 15, 20, 51, 21, 14, 20, 15, 20, 50, 22, 14, 20, 0, 12, 204]"
open,heat,low,auto,24,"[38, 0, 72, 0, 0, 1, 39, 143, 20, 15, 20, 15, 20, 15, 20, 50, 21, 15, 20, 14, 20, 50, 21, 14, 20, 14, 20, 51, 20, 14, 20, 15, 20, 15, 20, 50, 21, 15, 20, 15, 20, 15, 20, 14, 20, 14, 20, 51, 20, 50, 21, 51, 20, 14, 20, 50, 21, 50, 20, 51, 20, 14, 20, 50, 20, 14, 20, 15, 20, 50, 21, 14, 20, 0, 12, 204]"
open,heat,low,auto,25,"[38, 0, 72, 0, 0, 1, 39, 142, 21, 15, 20, 14, 20, 15, 20, 51, 20, 14, 19, 16, 20, 50, 21, 15, 20, 14, 20, 51, 20, 15, 20, 15, 20, 15, 20, 51, 20, 14, 20, 14, 20, 15, 20, 15, 20, 14, 20, 50, 21, 50, 22, 49, 21, 15, 20, 50, 21, 51, 20, 14, 20, 50, 21, 50, 21, 14, 20, 15, 21, 50, 20, 15, 20, 0, 12, 202]"
open,heat,low,auto,26,"[38, 0, 72, 0, 0, 1, 39, 141, 21, 14, 20, 15, 20, 15, 20, 50, 21, 14, 20, 15, 20, 50, 20, 15, 20, 14, 20, 50, 21, 14, 20, 14, 20, 14, 20, 51, 20, 14, 20, 15, 20, 14, 20, 15, 20, 14, 20, 50, 21, 50, 20, 51, 20, 14, 20, 50, 21, 14, 20, 50, 21, 50, 20, 51, 20, 14, 20, 15, 20, 50, 21, 14, 20, 0, 12, 205]"
open,heat,low,auto,27,"[38, 0, 72, 0, 0, 1, 39, 143, 20, 14, 20, 15, 20, 14, 20, 50, 21, 15, 20, 14, 20, 51, 20, 14, 20, 15, 20, 51, 20, 15, 20, 14, 20, 14, 20, 51, 20, 15, 20, 14, 20, 15, 20, 14, 20, 14, 20, 51, 20, 51, 20, 50, 21, 14, 20, 50, 21, 14, 20, 14, 20, 15, 20, 14, 20, 50, 21, 14, 20, 50, 21, 14, 20, 0, 12, 205]"
open,heat,low,auto,28,"[38, 0, 72, 0, 0, 1, 38, 143, 20, 14, 20, 15, 20, 15, 20, 50, 21, 15, 20, 15, 20, 50, 21, 14, 20, 14, 20, 50, 21, 15, 20, 15, 20, 15, 20, 50, 21, 14, 20, 15, 20, 15, 20, 14, 20, 15, 20, 50, 21, 50, 21, 50, 20, 15, 20, 51, 21, 14, 20, 50, 21, 15, 20, 14, 20, 51, 20, 15, 20, 51, 21, 14, 20, 0, 12, 204]"
open,heat,low,auto,29,"[38, 0, 72, 0, 0, 1, 38, 142, 21, 14, 20, 14, 20, 14, 20, 51, 21, 14, 20, 15, 20, 51, 20, 15, 20, 15, 20, 50, 21, 14, 20, 15, 20, 15, 20, 51, 20, 14, 20, 14, 21, 14, 20, 15, 20, 14, 20, 50, 22, 50, 20, 50, 21, 14, 21, 50, 20, 14, 20, 14, 20, 50, 21, 14, 20, 50, 21, 15, 21, 50, 20, 14, 20, 0, 12, 203]"
open,heat,low,auto,30,"[38, 0, 72, 0, 0, 1, 39, 142, 20, 15, 20, 14, 20, 14, 20, 50, 21, 14, 20, 15, 20, 50, 21, 15, 20, 14, 20, 51, 20, 14, 20, 15, 20, 14, 20, 51, 20, 15, 20, 15, 20, 14, 20, 15, 20, 14, 20, 50, 21, 50, 21, 51, 20, 14, 20, 50, 21, 15, 20, 50, 20, 50, 21, 14, 20, 51, 20, 14, 20, 51, 20, 15, 20, 0, 12, 203]"
open,heat,low,auto,31,"[38, 0, 72, 0, 0, 1, 39, 141, 21, 15, 20, 15, 20, 14, 20, 50, 21, 14, 20, 15, 20, 50, 20, 14, 20, 15, 20, 50, 21, 15, 20, 14, 20, 14, 20, 50, 21, 15, 20, 15, 20, 15, 20, 15, 20, 14, 20, 51, 20, 51, 20, 50, 21, 14, 20, 50, 21, 51, 20, 51, 20, 51, 20, 14, 20, 50, 21, 14, 20, 50, 20, 14, 20, 0, 12, 202]"
open,heat,low,auto,32,"[38, 0, 72, 0, 0, 1, 39, 142, 20, 14, 20, 14, 20, 15, 20, 50, 21, 15, 20, 14, 20, 50, 21, 15, 20, 15, 20, 50, 21, 15, 20, 14, 20, 14, 20, 50, 20, 14, 20, 14, 20, 15, 20, 14, 20, 15, 20, 51, 20, 50, 21, 51, 20, 14, 20, 51, 20, 50, 21, 15, 20, 14, 20, 50, 21, 50, 20, 15, 20, 50, 21, 14, 20, 0, 12, 202]"
open,heat,middle,auto,16,"[38, 0, 72, 0, 0, 1, 39, 142, 21, 15, 20, 15, 21, 14, 20, 50, 21, 15, 20, 15, 20, 50, 21, 15, 20, 15, 20, 15, 21, 49, 21, 15, 20, 14, 20, 51, 21, 14, 20, 15, 20, 15, 20, 14, 20, 15, 20, 50, 21, 51, 20, 50, 21, 14, 20, 51, 20, 50, 21, 14, 20, 50, 21, 51, 21, 50, 21, 49, 21, 15, 21, 14, 20, 0, 12, 204]"
open,heat,middle,auto,17,"[38, 0, 72, 0, 0, 1, 39, 141, 21, 14, 20, 15, 20, 14, 20, 50, 21, 14, 20, 15, 20, 50, 21, 15, 20, 15, 20, 15, 20, 50, 21, 15, 20, 15, 21, 49, 21, 15, 20, 15, 20, 15, 20, 14, 20, 15, 20, 50, 21, 51, 20, 50, 21, 15, 20, 51, 20, 15, 20, 50, 21, 51, 20, 51, 20, 51, 20, 51, 20, 15, 20, 14, 21, 0, 12, 202]"
open,heat,middle,auto,18,"[38, 0, 72, 0, 0, 1, 39, 142, 20, 15, 20, 14, 20, 14, 20, 50, 21, 15, 20, 15, 20, 51, 21, 14, 20, 15, 20, 15, 20, 50, 21, 15, 20, 14, 20, 51, 20, 15, 21, 14, 20, 14, 20, 14, 20, 15, 20, 50, 21, 50, 21, 51, 20, 15, 20, 51, 20, 15, 20, 15, 20, 15, 20, 15, 20, 14, 21, 14, 20, 50, 21, 14, 20, 0, 12, 204]"
open,heat,middle,auto,19,"[38, 0, 72, 0, 0, 1, 38, 142, 21, 14, 20, 15, 20, 15, 20, 50, 21, 15, 20, 14, 20, 50, 21, 15, 20, 15, 20, 14, 20, 51, 20, 15, 20, 15, 20, 51, 20, 15, 20, 15, 20, 15, 20, 15, 20, 15, 21, 49, 21, 50, 21, 51, 20, 15, 20, 51, 21, 14, 20, 50, 21, 14, 20, 14, 21, 14, 20, 15, 20, 50, 21, 14, 21, 0, 12, 203]"
open,heat,middle,auto,20,"[38, 0, 72, 0, 0, 1, 39, 142, 21, 14, 20, 15, 20, 15, 21, 50, 20, 15, 20, 15, 20, 51, 20, 14, 20, 15, 21, 14, 20, 51, 20, 14, 20, 14, 20, 50, 20, 14, 20, 15, 20, 15, 20, 15, 20, 14, 20, 51, 20, 50, 22, 50, 20, 15, 20, 51, 20, 14, 20, 14, 20, 50, 21, 15, 21, 14, 20, 15, 20, 51, 21, 14, 20, 0, 12, 203]"
open,heat,middle,auto,21,"[38, 0, 72, 0, 0, 1, 39, 142, 20, 15, 20, 15, 20, 15, 21, 50, 20, 14, 20, 14, 20, 50, 21, 15, 20, 15, 20, 14, 20, 51, 20, 14, 20, 15, 20, 51, 20, 15, 20, 14, 20, 15, 20, 15, 20, 15, 20, 50, 21, 50, 22, 50, 20, 15, 20, 51, 20, 50, 20, 15, 20, 50, 20, 14, 20, 15, 20, 15, 20, 51, 20, 14, 20, 0, 12, 203]"
open,heat,middle,auto,22,"[38, 0, 72, 0, 0, 1, 39, 143, 20, 14, 20, 14, 20, 15, 20, 51, 20, 14, 20, 14, 20, 50, 21, 14, 20, 15, 20, 14, 20, 50, 21, 15, 20, 14, 20, 50, 21, 14, 21, 14, 20, 14, 20, 14, 20, 15, 20, 50, 21, 50, 20, 51, 20, 14, 20, 50, 21, 50, 21, 51, 20, 50, 21, 15, 20, 14, 20, 15, 20, 50, 21, 14, 20, 0, 12, 202]"
open,heat,middle,auto,23,"[38, 0, 72, 0, 0, 1, 39, 142, 21, 15, 20, 15, 20, 15, 20, 50, 21, 15, 20, 14, 20, 50, 20, 15, 20, 15, 20, 15, 20, 50, 21, 15, 20, 14, 20, 50, 20, 14, 20, 15, 20, 15, 20, 14, 20, 15, 20, 50, 21, 51, 20, 50, 21, 15, 20, 50, 21, 51, 20, 15, 20, 15, 20, 50, 21, 14, 20, 14, 20, 50, 22, 14, 20, 0, 12, 205]"
open,heat,middle,auto,24,"[38, 0, 72, 0, 0, 1, 39, 142, 20, 14, 20, 15, 20, 15, 20, 50, 21, 15, 20, 15, 20, 50, 21, 14, 20, 15, 20, 15, 20, 51, 20, 14, 20, 15, 20, 50, 21, 15, 20, 15, 20, 15, 20, 14, 20, 15, 20, 51, 20, 50, 21, 50, 21, 15, 20, 50, 21, 51, 20, 50, 20, 15, 20, 51, 20, 15, 20, 15, 20, 50, 22, 14, 20, 0, 12, 204]"
open,heat,middle,auto,25,"[38, 0, 72, 0, 0, 1, 39, 141, 21, 15, 20, 14, 20, 15, 20, 51, 20, 15, 20, 14, 20, 50, 20, 14, 20, 14, 20, 15, 20, 50, 21, 15, 20, 14, 20, 50, 21, 14, 20, 15, 20, 15, 20, 14, 20, 15, 20, 50, 21, 50, 21, 50, 21, 15, 20, 50, 21, 51, 20, 15, 20, 50, 21, 50, 21, 14, 21, 14, 20, 50, 20, 15, 20, 0, 12, 205]"
open,heat,middle,auto,26,"[38, 0, 72, 0, 0, 1, 39, 141, 21, 14, 20, 15, 21, 14, 20, 50, 21, 15, 20, 15, 21, 50, 20, 15, 20, 14, 20, 14, 21, 50, 20, 15, 20, 15, 20, 50, 22, 14, 20, 14, 20, 15, 20, 15, 20, 15, 20, 50, 21, 50, 21, 50, 21, 14, 20, 51, 20, 14, 20, 50, 22, 49, 21, 51, 20, 15, 20, 14, 21, 49, 21, 14, 20, 0, 12, 203]"
open,heat,middle,auto,27,"[38, 0, 72, 0, 0, 1, 39, 141, 21, 15, 20, 15, 20, 15, 20, 50, 20, 14, 21, 14, 20, 50, 21, 14, 20, 14, 20, 15, 20, 50, 21, 14, 20, 15, 20, 51, 20, 14, 20, 15, 20, 15, 19, 15, 20, 14, 20, 50, 21, 50, 20, 51, 21, 14, 20, 51, 20, 14, 20, 14, 20, 15, 20, 14, 20, 50, 21, 14, 20, 51, 20, 14, 20, 0, 12, 205]"
open,heat,middle,auto,28,"[38, 0, 72, 0, 0, 1, 39, 142, 20, 15, 20, 15, 20, 15, 20, 50, 21, 15, 20, 14, 20, 50, 20, 15, 20, 14, 20, 14, 20, 50, 21, 14, 20, 14, 20, 51, 20, 15, 20, 15, 20, 14, 20, 15, 20, 14, 20, 50, 20, 51, 20, 50, 21, 14, 20, 50, 21, 15, 20, 51, 20, 14, 20, 15, 20, 50, 21, 14, 20, 51, 20, 14, 20, 0, 12, 205]"
open,heat,middle,auto,29,"[38, 0, 72, 0, 0, 1, 38, 142, 21, 15, 20, 14, 20, 15, 20, 50, 21, 14, 20, 14, 20, 51, 20, 14, 20, 15, 20, 15, 20, 51, 20, 14, 20, 14, 20, 51, 20, 14, 20, 15, 20, 15, 20, 14, 20, 15, 20, 51, 20, 50, 21, 50, 20, 14, 20, 50, 21, 15, 20, 15, 20, 51, 20, 14, 20, 50, 21, 15, 20, 51, 20, 15, 20, 0, 12, 202]"
open,heat,middle,auto,30,"[38, 0, 72, 0, 0, 1, 39, 143, 20, 14, 20, 15, 20, 15, 20, 51, 20, 15, 20, 14, 21, 49, 21, 15, 20, 15, 20, 15, 20, 51, 20, 15, 20, 15, 20, 50, 21, 15, 20, 14, 20, 15, 20, 15, 20, 15, 20, 51, 20, 50, 21, 50, 21, 14, 20, 50, 21, 14, 20, 51, 21, 49, 21, 14, 20, 51, 20, 14, 21, 50, 20, 14, 20, 0, 12, 202]"
open,heat,middle,auto,31,"[38, 0, 72, 0, 0, 1, 39, 142, 20, 14, 20, 15, 19, 15, 20, 50, 21, 15, 20, 15, 20, 50, 21, 14, 20, 15, 20, 14, 21, 50, 20, 14, 20, 15, 20, 51, 20, 15, 20, 14, 20, 14, 20, 15, 20, 15, 20, 50, 21, 50, 20, 50, 21, 14, 20, 50, 21, 50, 21, 50, 21, 50, 20, 14, 20, 50, 21, 15, 20, 50, 21, 14, 20, 0, 12, 205]"
open,heat,middle,auto,32,"[38, 0, 72, 0, 0, 1, 39, 142, 21, 15, 20, 15, 20, 14, 20, 50, 21, 14, 20, 14, 20, 50, 21, 14, 20, 14, 20, 15, 20, 50, 21, 14, 20, 15, 20, 51, 20, 14, 20, 15, 20, 15, 20, 14, 20, 14, 20, 50, 21, 50, 21, 50, 20, 14, 20, 51, 20, 50, 20, 14, 20, 14, 20, 50, 21, 50, 20, 14, 20, 50, 21, 15, 20, 0, 12, 202]"
open,heat,high,auto,16,"[38, 0, 72, 0, 0, 1, 39, 141, 21, 14, 20, 15, 20, 14, 20, 51, 20, 14, 20, 15, 20, 50, 21, 14, 20, 15, 20, 14, 21, 14, 20, 50, 21, 14, 20, 50, 21, 15, 20, 15, 20, 14, 20, 14, 20, 15, 20, 50, 20, 50, 21, 51, 20, 14, 20, 50, 21, 50, 21, 14, 20, 50, 21, 51, 20, 50, 21, 50, 21, 15, 20, 14, 20, 0, 12, 202]"
open,heat,high,auto,17,"[38, 0, 72, 0, 0, 1, 38, 142, 21, 15, 20, 14, 20, 15, 20, 51, 20, 15, 20, 15, 20, 50, 21, 14, 20, 14, 20, 15, 20, 15, 20, 51, 20, 15, 20, 51, 20, 15, 20, 15, 20, 15, 20, 15, 20, 14, 20, 50, 21, 50, 20, 51, 20, 15, 20, 50, 20, 15, 20, 51, 20, 50, 21, 51, 20, 50, 21, 51, 20, 15, 20, 14, 20, 0, 12, 204]"
open,heat,high,auto,18,"[38, 0, 72, 0, 0, 1, 39, 141, 21, 15, 20, 14, 20, 15, 20, 51, 20, 15, 19, 15, 20, 51, 20, 14, 20, 15, 20, 15, 20, 14, 20, 51, 20, 14, 20, 51, 20, 15, 20, 15, 20, 14, 20, 14, 20, 15, 20, 51, 20, 51, 20, 50, 21, 15, 20, 50, 20, 15, 20, 15, 20, 14, 20, 14, 20, 15, 20, 14, 20, 50, 21, 14, 20, 0, 12, 205]"
open,heat,high,auto,19,"[38, 0, 72, 0, 0, 1, 39, 142, 20, 14, 20, 14, 20, 15, 20, 51, 20, 15, 20, 14, 20, 50, 21, 14, 20, 15, 20, 15, 20, 15, 20, 51, 20, 15, 20, 50, 21, 14, 20, 14, 20, 15, 20, 14, 20, 14, 20, 51, 20, 51, 20, 50, 21, 15, 20, 50, 21, 14, 20, 51, 20, 15, 20, 15, 20, 15, 20, 15, 20, 51, 20, 14, 20, 0, 12, 203]"
open,heat,high,auto,20,"[38, 0, 72, 0, 0, 1, 39, 143, 20, 14, 20, 14, 20, 15, 20, 51, 20, 14, 21, 14, 20, 50, 21, 15, 20, 15, 20, 15, 20, 15, 21, 50, 20, 15, 20, 51, 21, 14, 20, 14, 20, 15, 20, 15, 21, 14, 20, 51, 21, 49, 21, 50, 21, 15, 20, 50, 21, 15, 20, 14, 21, 50, 20, 15, 20, 15, 20, 14, 20, 50, 21, 14, 20, 0, 12, 204]"
open,heat,high,auto,21,"[38, 0, 72, 0, 0, 1, 39, 143, 20, 15, 20, 15, 20, 14, 20, 51, 20, 15, 20, 15, 20, 51, 20, 15, 20, 15, 20, 15, 20, 15, 20, 51, 20, 14, 20, 50, 22, 14, 20, 15, 21, 14, 21, 14, 20, 15, 20, 50, 21, 51, 20, 50, 21, 15, 21, 50, 20, 50, 21, 15, 20, 50, 21, 14, 20, 15, 20, 15, 21, 49, 22, 14, 20, 0, 12, 204]"
open,heat,high,auto,22,"[38, 0, 72, 0, 0, 1, 39, 142, 21, 14, 20, 15, 20, 15, 21, 50, 20, 14, 20, 14, 20, 51, 20, 15, 20, 15, 20, 15, 20, 14, 21, 49, 21, 15, 20, 50, 21, 15, 20, 15, 20, 14, 20, 14, 20, 15, 20, 51, 20, 50, 21, 50, 21, 14, 20, 50, 21, 51, 21, 49, 21, 50, 21, 15, 21, 14, 20, 14, 20, 50, 21, 14, 20, 0, 12, 202]"
open,heat,high,auto,23,"[38, 0, 72, 0, 0, 1, 39, 142, 20, 15, 20, 14, 20, 14, 20, 51, 20, 14, 20, 15, 20, 50, 21, 14, 20, 14, 20, 15, 20, 15, 20, 50, 21, 14, 20, 51, 20, 14, 20, 14, 20, 15, 20, 14, 20, 15, 20, 51, 20, 50, 21, 50, 21, 14, 20, 50, 21, 50, 21, 14, 20, 15, 20, 50, 21, 15, 20, 15, 20, 50, 20, 14, 20, 0, 12, 203]"
open,heat,high,auto,24,"[38, 0, 72, 0, 0, 1, 38, 143, 20, 15, 20, 14, 20, 15, 20, 50, 21, 15, 20, 14, 20, 51, 20, 14, 20, 14, 20, 15, 20, 14, 20, 51, 20, 14, 20, 50, 21, 15, 20, 15, 20, 14, 20, 14, 20, 15, 20, 51, 20, 50, 21, 50, 20, 15, 20, 51, 20, 50, 21, 50, 21, 15, 20, 50, 20, 14, 20, 14, 20, 50, 21, 15, 20, 0, 12, 203]"
open,heat,high,auto,25,"[38, 0, 72, 0, 0, 1, 39, 143, 20, 15, 20, 15, 20, 14, 20, 51, 20, 14, 20, 15, 20, 50, 21, 15, 20, 15, 20, 15, 20, 15, 20, 50, 21, 15, 20, 51, 20, 15, 20, 14, 20, 14, 20, 15, 20, 15, 20, 50, 21, 51, 20, 51, 20, 15, 20, 51, 21, 49, 21, 15, 20, 50, 21, 51, 20, 14, 20, 14, 20, 51, 21, 14, 20, 0, 12, 202]"
open,heat,high,auto,26,"[38, 0, 72, 0, 0, 1, 39, 142, 21, 15, 20, 15, 20, 15, 20, 50, 21, 14, 20, 14, 20, 51, 20, 14, 20, 15, 20, 15, 20, 15, 20, 50, 21, 14, 20, 50, 21, 14, 20, 14, 20, 15, 20, 15, 20, 15, 20, 51, 20, 51, 20, 50, 21, 15, 20, 50, 21, 15, 20, 50, 21, 51, 20, 50, 20, 14, 20, 15, 20, 51, 20, 15, 20, 0, 12, 202]"
open,heat,high,auto,27,"[38, 0, 72, 0, 0, 1, 38, 142, 21, 15, 20, 15, 20, 14, 20, 51, 20, 15, 20, 14, 20, 51, 20, 14, 20, 14, 20, 14, 20, 15, 20, 50, 21, 14, 20, 51, 20, 15, 20, 14, 20, 15, 20, 14, 20, 14, 20, 50, 21, 50, 20, 51, 20, 14, 20, 50, 21, 15, 20, 14, 20, 15, 20, 14, 20, 50, 21, 14, 20, 50, 21, 14, 20, 0, 12, 203]"
open,heat,high,auto,28,"[38, 0, 72, 0, 0, 1, 39, 141, 21, 15, 20, 15, 20, 14, 20, 50, 21, 14, 20, 15, 20, 50, 21, 15, 20, 15, 20, 14, 20, 14, 20, 51, 20, 15, 20, 50, 21, 15, 20, 15, 20, 15, 20, 15, 20, 15, 20, 50, 21, 51, 20, 50, 21, 15, 20, 50, 21, 15, 20, 51, 20, 15, 20, 14, 20, 51, 20, 14, 20, 51, 20, 14, 20, 0, 12, 202]"
open,heat,high,auto,29,"[38, 0, 72, 0, 0, 1, 39, 142, 21, 15, 20, 15, 20, 15, 20, 51, 20, 15, 20, 14, 20, 50, 21, 14, 20, 15, 20, 15, 20, 15, 20, 50, 21, 14, 20, 51, 20, 15, 20, 15, 20, 15, 20, 15, 20, 14, 20, 51, 20, 50, 21, 50, 21, 14, 20, 50, 21, 15, 20, 14, 20, 51, 20, 14, 20, 50, 21, 15, 20, 50, 21, 15, 20, 0, 12, 202]"
open,heat,high,auto,30,"[38, 0, 72, 0, 0, 1, 39, 143, 21, 14, 20, 14, 21, 14, 20, 51, 20, 15, 20, 14, 21, 49, 21, 14, 20, 15, 20, 15, 21, 14, 20, 51, 20, 14, 20, 50, 21, 14, 20, 14, 20, 14, 20, 15, 21, 14, 20, 50, 21, 50, 21, 51, 20, 15, 20, 51, 21, 14, 20, 50, 21, 50, 21, 14, 21, 49, 21, 14, 20, 51, 21, 14, 20, 0, 12, 202]"
open,heat,high,auto,31,"[38, 0, 72, 0, 0, 1, 39, 142, 21, 15, 20, 15, 20, 15, 20, 50, 21, 15, 20, 15, 20, 51, 20, 15, 20, 15, 20, 15, 20, 14, 20, 50, 21, 14, 20, 51, 20, 15, 20, 15, 20, 14, 20, 15, 20, 15, 20, 51, 20, 50, 21, 50, 21, 15, 20, 51, 20, 50, 21, 51, 20, 51, 20, 15, 20, 50, 21, 15, 20, 50, 21, 15, 20, 0, 12, 203]"
open,heat,high,auto,32,"[38, 0, 72, 0, 0, 1, 38, 142, 21, 14, 20, 15, 20, 15, 20, 51, 20, 15, 20, 14, 20, 51, 20, 15, 20, 15, 20, 14, 20, 15, 20, 51, 20, 15, 20, 50, 21, 15, 20, 14, 20, 15, 20, 15, 20, 15, 20, 50, 21, 50, 20, 51, 20, 14, 20, 51, 20, 50, 21, 14, 20, 14, 20, 51, 20, 51, 20, 15, 20, 50, 21, 15, 20, 0, 12, 202]"
open,wind,low,auto,0,"[38, 0, 72, 0, 0, 1, 39, 142, 20, 15, 20, 15, 20, 15, 20, 51, 21, 14, 20, 14, 20, 51, 20, 14, 21, 14, 20, 51, 20, 15, 20, 15, 21, 14, 20, 15, 20, 15, 20, 51, 20, 15, 20, 14, 20, 15, 20, 51, 21, 49, 21, 50, 21, 15, 20, 50, 21, 50, 21, 51, 20, 15, 20, 50, 21, 14, 20, 14, 20, 51, 21, 14, 21, 0, 12, 203]"
open,wind,middle,auto,0,"[38, 0, 72, 0, 0, 1, 39, 142, 20, 14, 20, 14, 20, 14, 20, 50, 21, 15, 20, 14, 20, 51, 20, 15, 20, 15, 20, 15, 20, 50, 21, 14, 20, 14, 20, 15, 20, 15, 20, 51, 20, 15, 20, 15, 20, 14, 20, 51, 20, 50, 20, 50, 21, 15, 20, 50, 21, 50, 21, 50, 21, 15, 20, 51, 20, 15, 20, 14, 20, 50, 20, 15, 20, 0, 12, 203]"
open,wind,high,auto,0,"[38, 0, 72, 0, 0, 1, 39, 142, 20, 14, 20, 15, 20, 14, 20, 50, 21, 15, 20, 14, 20, 50, 21, 15, 20, 15, 20, 14, 20, 14, 20, 51, 20, 15, 21, 14, 20, 14, 20, 51, 20, 15, 20, 14, 20, 15, 20, 50, 20, 51, 20, 50, 21, 14, 20, 50, 21, 50, 20, 51, 20, 15, 20, 50, 21, 15, 20, 15, 20, 51, 20, 14, 20, 0, 12, 203]"
open,humidity,low,auto,0,"[38, 0, 72, 0, 0, 1, 39, 142, 21, 14, 20, 15, 20, 14, 20, 51, 20, 14, 20, 14, 20, 51, 20, 15, 20, 15, 20, 51, 20, 15, 20, 14, 20, 14, 20, 15, 20, 50, 21, 15, 20, 14, 20, 14, 20, 15, 20, 50, 21, 51, 20, 50, 21, 14, 20, 50, 21, 51, 20, 50, 20, 15, 20, 51, 20, 14, 20, 15, 20, 51, 20, 14, 20, 0, 12, 202]"
open,humidity,middle,auto,0,"[38, 0, 72, 0, 0, 1, 39, 142, 21, 14, 20, 14, 20, 14, 20, 51, 20, 15, 20, 15, 20, 50, 21, 15, 20, 15, 20, 15, 20, 51, 20, 14, 20, 14, 20, 14, 20, 50, 21, 14, 20, 14, 20, 15, 20, 15, 21, 50, 20, 50, 21, 51, 20, 14, 20, 50, 21, 50, 21, 50, 21, 14, 20, 51, 20, 15, 20, 14, 20, 51, 20, 15, 20, 0, 12, 204]"
open,humidity,high,auto,0,"[38, 0, 72, 0, 0, 1, 38, 143, 20, 14, 20, 14, 20, 15, 20, 51, 20, 15, 20, 14, 20, 51, 20, 14, 20, 15, 20, 15, 20, 15, 20, 51, 20, 15, 20, 15, 20, 50, 21, 15, 20, 15, 20, 15, 20, 14, 20, 51, 20, 50, 21, 50, 21, 14, 20, 50, 21, 50, 21, 50, 20, 14, 20, 50, 21, 15, 20, 15, 20, 51, 20, 14, 20, 0, 12, 202]"
